Time_s,Load_kN,Extensometer_mm,COD_mm,Displacement_mm,SP-Actuator_mm,SV-Actuator_,CY-Actuator_,Stress_MPa,Strain_%,True Stress_MPa,True Strain_%,
0.104098,-0.059682,0.000001,4.130698,0.000000,9.960999,9.960999,0.000000,-8.649515,0.000000,-8.649515,0.000000,
0.208197,-0.063368,0.000000,4.130712,0.000035,9.960999,9.960999,0.000000,-9.183709,0.000110,-9.183720,0.000110,
0.312295,-0.059304,0.000045,4.130682,0.000015,9.960999,9.960999,0.000000,-8.594748,0.000048,-8.594751,0.000048,
0.416393,-0.058700,-0.000000,4.130692,0.000036,9.960999,9.960999,0.000000,-8.507221,0.000113,-8.507231,0.000113,
0.520492,-0.058667,0.000000,4.130698,0.000026,9.960999,9.960999,0.000000,-8.502393,0.000080,-8.502399,0.000080,
0.624590,-0.057643,0.000010,4.130701,0.000021,9.960999,9.960999,0.000000,-8.354066,0.000066,-8.354072,0.000066,
0.728689,-0.058580,-0.000010,4.130703,0.000022,9.960999,9.960999,0.000000,-8.489887,0.000069,-8.489893,0.000069,
0.832787,-0.058508,0.000047,4.130684,0.000032,9.960999,9.960999,0.000000,-8.479355,0.000101,-8.479363,0.000101,
0.936885,-0.058629,0.000054,4.130701,0.000034,9.960999,9.960999,0.000000,-8.496973,0.000107,-8.496983,0.000107,
1.040984,-0.057469,0.000056,4.130676,0.000010,9.960999,9.960999,0.000000,-8.328829,0.000033,-8.328832,0.000033,
1.145082,-0.059620,0.000051,4.130664,0.000047,9.960999,9.960999,0.000000,-8.640516,0.000146,-8.640529,0.000146,
1.249180,-0.057427,0.000053,4.130634,0.000047,9.960999,9.960999,0.000000,-8.322689,0.000146,-8.322701,0.000146,
1.353279,-0.057751,0.000047,4.130644,0.000015,9.960999,9.960999,0.000000,-8.369774,0.000048,-8.369778,0.000048,
1.457377,-0.059460,0.000052,4.130656,0.000051,9.960999,9.960999,0.000000,-8.617330,0.000161,-8.617344,0.000161,
1.561475,-0.057823,0.000064,4.130636,0.000011,9.960999,9.960999,0.000000,-8.380120,0.000036,-8.380123,0.000036,
1.665574,-0.057321,0.000042,4.130646,0.000054,9.960999,9.960999,0.000000,-8.307464,0.000170,-8.307478,0.000170,
1.769672,-0.058094,0.000102,4.130618,0.000036,9.960999,9.960999,0.000000,-8.419491,0.000113,-8.419500,0.000113,
1.873770,-0.056857,0.000118,4.130578,0.000020,9.960999,9.960999,0.000000,-8.240150,0.000063,-8.240155,0.000063,
1.977869,-0.057402,0.000108,4.130610,0.000035,9.960999,9.960999,0.000000,-8.319196,0.000110,-8.319205,0.000110,
2.081967,-0.058195,0.000056,4.130629,0.000031,9.960999,9.960999,0.000000,-8.433988,0.000095,-8.433995,0.000095,
2.186065,0.020972,0.000033,4.130659,0.011509,9.989900,9.989900,0.000000,3.039393,0.035965,3.040487,0.035959,
2.290164,0.247966,0.000032,4.130659,0.044156,10.023000,10.023000,0.000000,35.937160,0.137988,35.986748,0.137893,
2.394262,0.441166,-0.000008,4.130692,0.077669,10.056399,10.056399,0.000000,63.937111,0.242716,64.092293,0.242422,
2.498360,0.592674,0.000013,4.130690,0.111176,10.089800,10.089800,0.000000,85.894737,0.347424,86.193153,0.346821,
2.602458,0.705744,0.000013,4.130676,0.144512,10.122900,10.122900,0.000000,102.281731,0.451601,102.743637,0.450584,
2.706557,0.787396,0.000041,4.130650,0.177814,10.156300,10.156300,0.000000,114.115433,0.555670,114.749535,0.554132,
2.810655,0.850524,0.000030,4.130654,0.211084,10.189799,10.189799,0.000000,123.264389,0.659639,124.077492,0.657473,
2.914753,0.900371,0.000010,4.130680,0.244406,10.223200,10.223200,0.000000,130.488586,0.763768,131.485214,0.760866,
3.018852,0.943068,0.000036,4.130645,0.277705,10.256300,10.256300,0.000000,136.676483,0.867829,137.862595,0.864085,
3.122950,0.977927,0.000062,4.130642,0.310992,10.289700,10.289700,0.000000,141.728546,0.971851,143.105942,0.967159,
3.227048,1.007682,0.000052,4.130632,0.344328,10.323100,10.323100,0.000000,146.040833,1.076025,147.612274,1.070277,
3.331147,1.031902,0.000096,4.130600,0.377653,10.356199,10.356199,0.000000,149.551041,1.180166,151.315994,1.173256,
3.435245,1.054171,0.000076,4.130613,0.410947,10.389600,10.389600,0.000000,152.778473,1.284209,154.740463,1.276033,
3.539343,1.071779,0.000060,4.130619,0.444237,10.422999,10.422999,0.000000,155.330322,1.388240,157.486679,1.378692,
3.643442,1.087105,0.000064,4.130634,0.477518,10.456100,10.456100,0.000000,157.551422,1.492244,159.902481,1.481220,
3.747540,1.100865,0.000034,4.130661,0.510859,10.489500,10.489500,0.000000,159.545670,1.596436,162.092712,1.583827,
3.851638,1.111025,-0.000009,4.130685,0.544207,10.522900,10.522900,0.000000,161.018173,1.700646,163.756516,1.686347,
3.955737,1.120586,0.000052,4.130628,0.577516,10.556000,10.556000,0.000000,162.403732,1.804736,165.334686,1.788644,
4.059835,1.127588,-0.000033,4.130712,0.610794,10.589399,10.589399,0.000000,163.418533,1.908731,166.537750,1.890744,
4.163933,1.136750,0.000058,4.130664,0.644145,10.622800,10.622800,0.000000,164.746353,2.012953,168.062622,1.992961,
4.268032,1.142188,0.000016,4.130679,0.677461,10.655900,10.655900,0.000000,165.534515,2.117064,169.038986,2.094966,
4.372130,1.146177,-0.000024,4.130717,0.710732,10.689300,10.689300,0.000000,166.112610,2.221036,169.802032,2.196730,
4.476228,1.152644,-0.000035,4.130703,0.744065,10.722700,10.722700,0.000000,167.049805,2.325204,170.934052,2.298583,
4.580327,1.157519,-0.000020,4.130717,0.777358,10.755799,10.755799,0.000000,167.756378,2.429244,171.831589,2.400207,
4.684425,1.161291,-0.000011,4.130692,0.810675,10.789200,10.789200,0.000000,168.303070,2.533358,172.566788,2.501801,
4.788523,1.162690,-0.000017,4.130674,0.843920,10.822700,10.822700,0.000000,168.505783,2.637249,172.949707,2.603073,
4.892622,1.167525,0.000011,4.130674,0.877291,10.855700,10.855700,0.000000,169.206589,2.741534,173.845444,2.704627,
4.996720,1.167353,0.000095,4.130624,0.910531,10.889199,10.889199,0.000000,169.181534,2.845409,173.995438,2.805680,
5.100818,1.169522,0.000048,4.130684,0.943863,10.922600,10.922600,0.000000,169.495926,2.949572,174.495331,2.906909,
5.204916,1.171402,0.000068,4.130664,0.977167,10.955700,10.955700,0.000000,169.768478,3.053647,174.952606,3.007951,
5.309015,1.172560,0.000092,4.130624,1.010477,10.989100,10.989100,0.000000,169.936249,3.157741,175.302399,3.108910,
5.413113,1.173342,0.000032,4.130667,1.043808,11.022500,11.022500,0.000000,170.049591,3.261900,175.596436,3.209829,
5.517211,1.175326,0.000056,4.130652,1.077094,11.055600,11.055600,0.000000,170.337112,3.365919,176.070526,3.310512,
5.621310,1.174450,0.000059,4.130638,1.110409,11.089000,11.089000,0.000000,170.210129,3.470027,176.116470,3.411180,
5.725408,1.176053,0.000045,4.130622,1.143782,11.122399,11.122399,0.000000,170.442535,3.574318,176.534698,3.511921,
5.829506,1.177422,0.000042,4.130660,1.177076,11.155499,11.155499,0.000000,170.640900,3.678364,176.917694,3.612326,
5.933605,1.177566,0.000095,4.130582,1.210421,11.188900,11.188900,0.000000,170.661758,3.782564,177.117142,3.712780,
6.037703,1.176651,0.000086,4.130615,1.243678,11.222300,11.222300,0.000000,170.529099,3.886494,177.156708,3.812871,
6.141801,1.179829,-0.000001,4.130692,1.277009,11.255700,11.255700,0.000000,170.989761,3.990653,177.813370,3.913084,
6.245900,1.177980,0.000016,4.130681,1.310318,11.288799,11.288799,0.000000,170.721710,4.094744,177.712326,4.013130,
6.349998,1.179599,-0.000020,4.130672,1.343627,11.322200,11.322200,0.000000,170.956390,4.198834,178.134567,4.113076,
6.454096,1.180028,-0.000024,4.130674,1.376937,11.355599,11.355599,0.000000,171.018509,4.302928,178.377319,4.212924,
6.558195,1.180024,0.000044,4.130641,1.410213,11.388700,11.388700,0.000000,171.017944,4.406914,178.554565,4.312572,
6.662293,1.180120,0.000006,4.130634,1.443542,11.422100,11.422100,0.000000,171.031876,4.511070,178.747238,4.412282,
6.766391,1.178528,0.000063,4.130646,1.476820,11.455600,11.455600,0.000000,170.801132,4.615063,178.683716,4.511736,
6.870490,1.179096,0.000064,4.130634,1.510099,11.488700,11.488700,0.000000,170.883438,4.719061,178.947525,4.611097,
6.974588,1.179356,0.000090,4.130618,1.543469,11.522099,11.522099,0.000000,170.921173,4.823342,179.165283,4.710629,
7.078686,1.178667,0.000011,4.130655,1.576770,11.555500,11.555500,0.000000,170.821274,4.927406,179.238327,4.809855,
7.182785,1.178696,0.000034,4.130649,1.610019,11.588600,11.588600,0.000000,170.825485,5.031309,179.420242,4.908830,
7.286883,1.179734,0.000082,4.130608,1.643393,11.622000,11.622000,0.000000,170.975967,5.135602,179.756607,5.008078,
7.390981,1.178065,0.000083,4.130618,1.676700,11.655399,11.655399,0.000000,170.734055,5.239686,179.679977,5.107029,
7.495080,1.178296,0.000066,4.130636,1.709931,11.688499,11.688499,0.000000,170.767517,5.343535,179.892548,5.205659,
7.599178,1.178449,0.000085,4.130619,1.743325,11.721900,11.721900,0.000000,170.789658,5.447891,180.094086,5.304672,
7.703276,1.177770,0.000085,4.130622,1.776633,11.755300,11.755300,0.000000,170.691254,5.551979,180.167999,5.403334,
7.807374,1.175805,0.000088,4.130583,1.809921,11.788400,11.788400,0.000000,170.406586,5.656004,180.044785,5.501839,
7.911473,1.177653,0.000118,4.130584,1.843239,11.821799,11.821799,0.000000,170.674393,5.760121,180.505447,5.600334,
8.015572,1.175522,0.000024,4.130654,1.876605,11.855200,11.855200,0.000000,170.365463,5.864391,180.356354,5.698875,
8.119670,1.174949,0.000012,4.130649,1.909862,11.888300,11.888300,0.000000,170.282501,5.968318,180.445496,5.796997,
8.223768,1.175491,0.000048,4.130641,1.943190,11.921700,11.921700,0.000000,170.360992,6.072468,180.706116,5.895234,
8.327867,1.174329,0.000060,4.130640,1.976532,11.955100,11.955100,0.000000,170.192551,6.176662,180.704773,5.993415,
8.431965,1.174242,0.000047,4.130633,2.009821,11.988199,11.988199,0.000000,170.179993,6.280690,180.868469,6.091343,
8.536063,1.173654,0.000028,4.130635,2.043085,12.021600,12.021600,0.000000,170.094818,6.384641,180.954758,6.189103,
8.640162,1.174672,0.000070,4.130594,2.076417,12.055099,12.055099,0.000000,170.242401,6.488803,181.289093,6.286966,
8.744260,1.172138,0.000026,4.130641,2.109727,12.088099,12.088099,0.000000,169.875061,6.592896,181.074753,6.384669,
8.848358,1.174649,0.000031,4.130640,2.143034,12.121600,12.121600,0.000000,170.238937,6.696981,181.639801,6.482268,
8.952456,1.173480,0.000046,4.130625,2.176377,12.155000,12.155000,0.000000,170.069565,6.801179,181.636307,6.579878,
9.056555,1.173544,0.000016,4.130661,2.209641,12.188100,12.188100,0.000000,170.078873,6.905129,181.823044,6.677162,
9.160653,1.172977,0.000049,4.130631,2.242983,12.221499,12.221499,0.000000,169.996658,7.009321,181.912277,6.774576,
9.264751,1.172143,0.000088,4.130611,2.276303,12.254900,12.254900,0.000000,169.875763,7.113448,181.959793,6.871835,
9.368850,1.171323,0.000082,4.130603,2.309612,12.288300,12.288300,0.000000,169.756927,7.217538,182.009201,6.968966,
9.472948,1.169325,0.000060,4.130635,2.342875,12.321400,12.321400,0.000000,169.467377,7.321483,181.874908,7.065866,
9.577046,1.168842,0.000024,4.130666,2.376238,12.354799,12.354799,0.000000,169.397385,7.425743,181.976395,7.162966,
9.681145,1.168601,-0.000001,4.130671,2.409536,12.388200,12.388200,0.000000,169.362534,7.529801,182.115189,7.259784,
9.785243,1.167958,0.000031,4.130683,2.442873,12.421300,12.421300,0.000000,169.269302,7.633978,182.191284,7.356619,
9.889341,1.168466,0.000060,4.130639,2.476151,12.454700,12.454700,0.000000,169.342941,7.737970,182.446655,7.453189,
9.993440,1.167117,0.000040,4.130649,2.509485,12.488100,12.488100,0.000000,169.147385,7.842141,182.412155,7.549832,
10.097538,1.166326,-0.000047,4.130723,2.542798,12.521199,12.521199,0.000000,169.032730,7.946244,182.464478,7.646317,
10.201636,1.165709,0.000060,4.130641,2.576096,12.554600,12.554600,0.000000,168.943390,8.050299,182.543839,7.742666,
10.305735,1.164685,0.000046,4.130618,2.609423,12.587999,12.587999,0.000000,168.794876,8.154446,182.559158,7.839007,
10.409833,1.164280,0.000031,4.130627,2.642722,12.621099,12.621099,0.000000,168.736252,8.258507,182.671341,7.935176,
10.513931,1.163470,0.000050,4.130626,2.676016,12.654500,12.654500,0.000000,168.618881,8.362550,182.719711,8.031236,
10.618030,1.163557,-0.000004,4.130676,2.709308,12.688000,12.688000,0.000000,168.631485,8.466586,182.908813,8.127198,
10.722128,1.162072,0.000061,4.130620,2.742580,12.721000,12.721000,0.000000,168.416306,8.570564,182.850540,8.223014,
10.826226,1.163370,0.000125,4.130599,2.775907,12.754499,12.754499,0.000000,168.604431,8.674708,183.230377,8.318891,
10.930325,1.164501,0.000058,4.130628,2.809223,12.787900,12.787900,0.000000,168.768234,8.778822,183.584091,8.414647,
11.034423,1.163507,0.000052,4.130632,2.842481,12.821000,12.821000,0.000000,168.624237,8.882752,183.602707,8.510145,
11.138521,1.161632,0.000008,4.130658,2.875834,12.854400,12.854400,0.000000,168.352493,8.986982,183.482300,8.605826,
11.242620,1.161368,0.000018,4.130641,2.909104,12.887799,12.887799,0.000000,168.314178,9.090951,183.615540,8.701177,
11.346718,1.160227,0.000005,4.130635,2.942430,12.920899,12.920899,0.000000,168.148911,9.195092,183.610352,8.796594,
11.450816,1.161165,0.000040,4.130633,2.975729,12.954300,12.954300,0.000000,168.284851,9.299153,183.933914,8.891846,
11.554914,1.159345,0.000025,4.130646,3.009023,12.987700,12.987700,0.000000,168.020966,9.403196,183.820312,8.986992,
11.659013,1.158592,0.000037,4.130671,3.042366,13.020800,13.020800,0.000000,167.911942,9.507394,183.875992,9.082189,
11.763111,1.158255,-0.000032,4.130690,3.075676,13.054199,13.054199,0.000000,167.863037,9.611487,183.997177,9.177199,
11.867209,1.157347,0.000006,4.130661,3.109029,13.087600,13.087600,0.000000,167.731522,9.715715,184.027832,9.272243,
11.971308,1.156696,-0.000056,4.130731,3.142278,13.120700,13.120700,0.000000,167.637085,9.819618,184.098404,9.366899,
12.075406,1.156684,-0.000045,4.130716,3.175666,13.154099,13.154099,0.000000,167.635361,9.923956,184.271423,9.461863,
12.179504,1.155724,-0.000081,4.130735,3.208955,13.187500,13.187500,0.000000,167.496262,10.027984,184.292755,9.556455,
12.283603,1.155377,-0.000012,4.130691,3.242211,13.220600,13.220600,0.000000,167.445938,10.131910,184.411407,9.650865,
12.387701,1.154920,-0.000061,4.130729,3.275562,13.254000,13.254000,0.000000,167.379745,10.236132,184.512955,9.745453,
12.491799,1.154700,-0.000019,4.130705,3.308850,13.287499,13.287499,0.000000,167.347778,10.340158,184.651794,9.839775,
12.595898,1.153736,-0.000028,4.130702,3.342196,13.320900,13.320900,0.000000,167.208191,10.444364,184.672028,9.934172,
12.699996,1.152001,-0.000054,4.130703,3.375508,13.354000,13.354000,0.000000,166.956635,10.548464,184.567993,10.028382,
12.804094,1.152141,-0.000073,4.130708,3.408772,13.387400,13.387400,0.000000,166.976974,10.652411,184.764053,10.122366,
12.908193,1.151634,-0.000068,4.130696,3.442092,13.420799,13.420799,0.000000,166.903488,10.756537,184.856522,10.216425,
13.012291,1.150921,-0.000043,4.130692,3.475446,13.453899,13.453899,0.000000,166.800201,10.860768,184.915985,10.310489,
13.116389,1.147911,-0.000092,4.130714,3.508709,13.487300,13.487300,0.000000,166.363968,10.964716,184.605301,10.404209,
13.220488,1.147803,-0.000083,4.130701,3.542028,13.520700,13.520700,0.000000,166.348312,11.068839,184.761139,10.497999,
13.324586,1.148367,-0.000050,4.130690,3.575326,13.553800,13.553800,0.000000,166.430023,11.172894,185.025070,10.591640,
13.428684,1.147221,0.000038,4.130594,3.608658,13.587199,13.587199,0.000000,166.263870,11.277056,185.013535,10.685290,
13.532783,1.147841,0.000025,4.130633,3.641955,13.620600,13.620600,0.000000,166.353821,11.381110,185.286728,10.778756,
13.636881,1.145822,0.000045,4.130622,3.675267,13.653700,13.653700,0.000000,166.061203,11.485210,185.133682,10.872175,
13.740979,1.144868,-0.000020,4.130674,3.708555,13.687099,13.687099,0.000000,165.922943,11.589235,185.152145,10.965440,
13.845078,1.145366,-0.000020,4.130663,3.741918,13.720500,13.720500,0.000000,165.995026,11.693493,185.405640,11.058826,
13.949176,1.144275,-0.000061,4.130712,3.775190,13.753600,13.753600,0.000000,165.837021,11.797470,185.401596,11.151875,
14.053274,1.144349,-0.000095,4.130716,3.808557,13.787000,13.787000,0.000000,165.847733,11.901739,185.586502,11.245097,
14.157372,1.143238,-0.000047,4.130684,3.841845,13.820399,13.820399,0.000000,165.686646,12.005764,185.578598,11.338015,
14.261471,1.142833,0.000014,4.130642,3.875141,13.853499,13.853499,0.000000,165.627945,12.109816,185.685181,11.430870,
14.365569,1.143826,-0.000037,4.130694,3.908460,13.886900,13.886900,0.000000,165.771896,12.213937,186.019165,11.523701,
14.469667,1.141377,-0.000016,4.130715,3.941768,13.920400,13.920400,0.000000,165.416931,12.318024,185.793030,11.616416,
14.573766,1.140892,0.000003,4.130693,3.975094,13.953400,13.953400,0.000000,165.346634,12.422169,185.886276,11.709097,
14.677864,1.140509,-0.000053,4.130732,4.008368,13.986899,13.986899,0.000000,165.291183,12.526149,185.995804,11.801544,
14.781962,1.137799,-0.000077,4.130742,4.041649,14.020300,14.020300,0.000000,164.898376,12.630153,185.725296,11.893928,
14.886061,1.138546,-0.000081,4.130737,4.074937,14.053400,14.053400,0.000000,165.006729,12.734178,186.018982,11.986245,
14.990159,1.137995,-0.000018,4.130690,4.108271,14.086800,14.086800,0.000000,164.926819,12.838346,186.100693,12.078604,
15.094257,1.137336,-0.000007,4.130697,4.141637,14.120199,14.120199,0.000000,164.831375,12.942616,186.164871,12.170967,
15.198356,1.136253,-0.000071,4.130743,4.174948,14.153299,14.153299,0.000000,164.674286,13.046712,186.158859,12.263092,
15.302454,1.134351,-0.000073,4.130704,4.208179,14.186700,14.186700,0.000000,164.398712,13.150560,186.018066,12.354915,
15.406552,1.134772,-0.000071,4.130733,4.241545,14.220099,14.220099,0.000000,164.459671,13.254827,186.258514,12.447021,
15.510651,1.134126,-0.000042,4.130730,4.274841,14.253200,14.253200,0.000000,164.366119,13.358879,186.323593,12.538852,
15.614749,1.133979,0.000007,4.130696,4.308175,14.286600,14.286600,0.000000,164.344803,13.463047,186.470627,12.630702,
15.718847,1.132418,-0.000034,4.130720,4.341501,14.320000,14.320000,0.000000,164.118607,13.567191,186.384888,12.722447,
15.822946,1.131991,-0.000036,4.130719,4.374840,14.353399,14.353399,0.000000,164.056702,13.671374,186.485504,12.814142,
15.927044,1.131208,-0.000020,4.130733,4.408156,14.386499,14.386499,0.000000,163.943176,13.775489,186.527145,12.905692,
16.031143,1.131076,-0.000069,4.130785,4.441447,14.419900,14.419900,0.000000,163.924057,13.879522,186.675934,12.997088,
16.135242,1.129296,-0.000035,4.130739,4.474723,14.453300,14.453300,0.000000,163.666107,13.983509,186.552368,13.088360,
16.239342,1.128742,-0.000062,4.130754,4.508067,14.486400,14.486400,0.000000,163.585831,14.087709,186.631332,13.179735,
16.343441,1.126654,-0.000079,4.130732,4.541353,14.519799,14.519799,0.000000,163.283188,14.191729,186.455902,13.270868,
16.447540,1.127274,-0.000081,4.130735,4.574677,14.553300,14.553300,0.000000,163.373108,14.295864,186.728699,13.362020,
16.551640,1.127037,-0.000076,4.130742,4.607963,14.586300,14.586300,0.000000,163.338730,14.399883,186.859314,13.452987,
16.655739,1.123929,-0.000058,4.130745,4.641255,14.619800,14.619800,0.000000,162.888290,14.503923,186.513489,13.543890,
16.759838,1.125207,0.000021,4.130694,4.674580,14.653199,14.653199,0.000000,163.073517,14.608061,186.895401,13.634796,
16.863937,1.125370,0.000071,4.130669,4.707878,14.686299,14.686299,0.000000,163.097153,14.712119,187.092194,13.725549,
16.968037,1.123540,0.000031,4.130678,4.741188,14.719700,14.719700,0.000000,162.831879,14.816213,186.957397,13.816252,
17.072136,1.124185,0.000012,4.130675,4.774445,14.753099,14.753099,0.000000,162.925430,14.920139,187.234131,13.906726,
17.176235,1.123848,-0.000044,4.130692,4.807769,14.786200,14.786200,0.000000,162.876572,15.024278,187.347595,13.997303,
17.280334,1.122731,-0.000049,4.130712,4.841064,14.819599,14.819599,0.000000,162.714676,15.128326,187.330688,14.087720,
17.384434,1.120547,-0.000010,4.130676,4.874378,14.853000,14.853000,0.000000,162.398102,15.232431,187.135284,14.178105,
17.488533,1.121972,-0.000006,4.130669,4.907737,14.886100,14.886100,0.000000,162.604645,15.336678,187.542801,14.268530,
17.592632,1.120004,-0.000007,4.130654,4.940988,14.919499,14.919499,0.000000,162.319366,15.440586,187.382431,14.358581,
17.696732,1.119319,-0.000069,4.130723,4.974292,14.952900,14.952900,0.000000,162.220200,15.544662,187.436783,14.448695,
17.800831,1.117285,-0.000101,4.130762,5.007674,14.986000,14.986000,0.000000,161.925430,15.648982,187.265106,14.538940,
17.904930,1.116755,-0.000021,4.130710,5.040953,15.019400,15.019400,0.000000,161.848557,15.752977,187.344528,14.628822,
18.009029,1.115464,-0.000029,4.130721,5.074265,15.052799,15.052799,0.000000,161.661499,15.857077,187.296280,14.718715,
18.113129,1.114880,-0.000035,4.130732,5.107598,15.085899,15.085899,0.000000,161.576874,15.961245,187.366547,14.808585,
18.217228,1.113814,-0.000051,4.130721,5.140889,15.119300,15.119300,0.000000,161.422287,16.065279,187.355225,14.898259,
18.321327,1.113163,0.000008,4.130693,5.174170,15.152800,15.152800,0.000000,161.328018,16.169283,187.413605,14.987827,
18.425426,1.113183,-0.000063,4.130713,5.207569,15.185800,15.185800,0.000000,161.330872,16.273653,187.585297,15.077631,
18.529526,1.111462,-0.000123,4.130777,5.240788,15.219299,15.219299,0.000000,161.081390,16.377460,187.462433,15.166869,
18.633625,1.110974,0.000018,4.130677,5.274163,15.252700,15.252700,0.000000,161.010742,16.481760,187.548141,15.256451,
18.737724,1.109746,0.000023,4.130664,5.307447,15.286099,15.286099,0.000000,160.832779,16.585773,187.508133,15.345707,
18.841824,1.109476,-0.000043,4.130716,5.340750,15.319200,15.319200,0.000000,160.793640,16.689842,187.629852,15.434932,
18.945923,1.110004,-0.000043,4.130720,5.374069,15.352599,15.352599,0.000000,160.870163,16.793966,187.886642,15.524122,
19.050022,1.107433,-0.000009,4.130700,5.407383,15.386000,15.386000,0.000000,160.497482,16.898071,187.618469,15.613218,
19.154121,1.105114,-0.000021,4.130700,5.440644,15.419100,15.419100,0.000000,160.161484,17.002014,187.392166,15.702097,
19.258221,1.105908,-0.000093,4.130717,5.473955,15.452499,15.452499,0.000000,160.276566,17.106110,187.693649,15.791026,
19.362320,1.105078,-0.000087,4.130695,5.507273,15.485900,15.485900,0.000000,160.156235,17.210228,187.719482,15.879895,
19.466419,1.104770,-0.000095,4.130714,5.540592,15.519000,15.519000,0.000000,160.111572,17.314350,187.833847,15.968690,
19.570518,1.103855,-0.000126,4.130728,5.573913,15.552400,15.552400,0.000000,159.979004,17.418476,187.844910,16.057407,
19.674618,1.104624,0.000022,4.130661,5.607237,15.585799,15.585799,0.000000,160.090408,17.522615,188.142441,16.146059,
19.778717,1.102848,-0.000008,4.130685,5.640557,15.618899,15.618899,0.000000,159.832993,17.626741,188.006348,16.234621,
19.882816,1.101025,0.000012,4.130662,5.673788,15.652300,15.652300,0.000000,159.568893,17.730587,187.861389,16.322866,
19.986916,1.101831,-0.000006,4.130689,5.707182,15.685699,15.685699,0.000000,159.685638,17.834944,188.165482,16.411469,
20.091015,1.099916,-0.000030,4.130688,5.740438,15.718800,15.718800,0.000000,159.408127,17.938869,188.004150,16.499626,
20.195114,1.100151,-0.000101,4.130722,5.773757,15.752199,15.752199,0.000000,159.442154,18.042990,188.210281,16.587868,
20.299213,1.099099,-0.000053,4.130719,5.807133,15.785700,15.785700,0.000000,159.289719,18.147289,188.196487,16.676188,
20.403313,1.099507,-0.000109,4.130716,5.840405,15.818700,15.818700,0.000000,159.348907,18.251265,188.432098,16.764153,
20.507412,1.098363,-0.000091,4.130698,5.873706,15.852200,15.852200,0.000000,159.183075,18.355331,188.401657,16.852119,
20.611511,1.097912,-0.000138,4.130715,5.907004,15.885599,15.885599,0.000000,159.117630,18.459389,188.489777,16.940001,
20.715611,1.096921,-0.000148,4.130719,5.940354,15.918699,15.918699,0.000000,158.974060,18.563608,188.485382,17.027941,
20.819710,1.095140,-0.000140,4.130726,5.973639,15.952100,15.952100,0.000000,158.715988,18.667620,188.344482,17.115629,
20.923809,1.095341,-0.000144,4.130769,6.006937,15.985499,15.985499,0.000000,158.745087,18.771679,188.544205,17.203279,
21.027908,1.093603,-0.000122,4.130747,6.040226,16.018600,16.018600,0.000000,158.493195,18.875706,188.409897,17.290827,
21.132008,1.093434,-0.000100,4.130722,6.073613,16.052000,16.052000,0.000000,158.468765,18.980042,188.546204,17.378557,
21.236107,1.093969,-0.000158,4.130779,6.106845,16.085400,16.085400,0.000000,158.546280,19.083891,188.803085,17.465801,
21.340206,1.091148,-0.000154,4.130794,6.140216,16.118500,16.118500,0.000000,158.137436,19.188175,188.481125,17.553335,
21.444305,1.088849,-0.000075,4.130708,6.173526,16.151899,16.151899,0.000000,157.804260,19.292269,188.248276,17.640633,
21.548405,1.090082,-0.000151,4.130752,6.206800,16.185299,16.185299,0.000000,157.982925,19.396248,188.625687,17.727760,
21.652504,1.089603,-0.000123,4.130725,6.240155,16.218399,16.218399,0.000000,157.913498,19.500484,188.707397,17.815025,
21.756603,1.090413,-0.000204,4.130786,6.273475,16.251801,16.251801,0.000000,158.030869,19.604609,189.012207,17.902119,
21.860703,1.087694,-0.000182,4.130754,6.306794,16.285200,16.285200,0.000000,157.636856,19.708733,188.705078,17.989138,
21.964802,1.087767,-0.000149,4.130734,6.340093,16.318699,16.318699,0.000000,157.647415,19.812790,188.881760,18.076025,
22.068901,1.087768,-0.000169,4.130773,6.373384,16.351700,16.351700,0.000000,157.647522,19.916824,189.045898,18.162819,
22.173000,1.088417,-0.000133,4.130725,6.406724,16.385201,16.385201,0.000000,157.741577,20.021013,189.323044,18.249666,
22.277100,1.085735,-0.000127,4.130747,6.440047,16.418600,16.418600,0.000000,157.352905,20.125147,189.020401,18.336390,
22.381199,1.085102,-0.000088,4.130749,6.473336,16.451700,16.451700,0.000000,157.261230,20.229176,189.073883,18.422953,
22.485298,1.084074,-0.000177,4.130813,6.506627,16.485100,16.485100,0.000000,157.112137,20.333210,189.058075,18.509445,
22.589397,1.085248,-0.000146,4.130783,6.539887,16.518499,16.518499,0.000000,157.282364,20.437149,189.426392,18.595785,
22.693497,1.082700,-0.000098,4.130737,6.573253,16.551600,16.551600,0.000000,156.913040,20.541414,189.145203,18.682320,
22.797596,1.083017,-0.000079,4.130712,6.606547,16.584999,16.584999,0.000000,156.958923,20.645460,189.363815,18.768599,
22.901695,1.081722,-0.000099,4.130711,6.639840,16.618399,16.618399,0.000000,156.771362,20.749500,189.300644,18.854797,
23.005795,1.079970,-0.000133,4.130710,6.673104,16.651499,16.651499,0.000000,156.517441,20.853451,189.156723,18.940847,
23.109894,1.080074,-0.000159,4.130739,6.706422,16.684900,16.684900,0.000000,156.532486,20.957569,189.337891,19.026964,
23.213993,1.079440,-0.000111,4.130730,6.739747,16.718300,16.718300,0.000000,156.440536,21.061710,189.389587,19.113024,
23.318092,1.078032,-0.000013,4.130667,6.773061,16.751400,16.751400,0.000000,156.236481,21.165815,189.305206,19.198978,
23.422192,1.078634,-0.000034,4.130675,6.806338,16.784800,16.784800,0.000000,156.323837,21.269808,189.573624,19.284769,
23.526291,1.077114,-0.000013,4.130672,6.839627,16.818199,16.818199,0.000000,156.103455,21.373835,189.468750,19.370514,
23.630390,1.077346,-0.000020,4.130693,6.872970,16.851299,16.851299,0.000000,156.137054,21.478029,189.672211,19.456322,
23.734489,1.077069,-0.000120,4.130769,6.906306,16.884699,16.884699,0.000000,156.096909,21.582207,189.786072,19.542046,
23.838589,1.074736,-0.000144,4.130787,6.939658,16.918100,16.918100,0.000000,155.758850,21.686432,189.537384,19.627731,
23.942688,1.074425,-0.000146,4.130786,6.972903,16.951200,16.951200,0.000000,155.713699,21.790323,189.644211,19.713072,
24.046787,1.072954,-0.000124,4.130738,7.006236,16.984600,16.984600,0.000000,155.500626,21.894487,189.546692,19.798563,
24.150887,1.072564,-0.000113,4.130744,7.039567,17.018099,17.018099,0.000000,155.444122,21.998648,189.639725,19.883978,
24.254986,1.072054,-0.000102,4.130750,7.072904,17.051100,17.051100,0.000000,155.370102,22.102823,189.711288,19.969332,
24.359085,1.071386,-0.000014,4.130714,7.106181,17.084600,17.084600,0.000000,155.273300,22.206816,189.754562,20.054464,
24.463184,1.071002,-0.000084,4.130735,7.139472,17.118000,17.118000,0.000000,155.217697,22.310850,189.848083,20.139557,
24.567284,1.070809,-0.000094,4.130729,7.172761,17.151100,17.151100,0.000000,155.189651,22.414879,189.975220,20.224575,
24.671383,1.069992,-0.000069,4.130741,7.206098,17.184500,17.184500,0.000000,155.071335,22.519054,189.991928,20.309639,
24.775482,1.070321,-0.000065,4.130700,7.239383,17.217899,17.217899,0.000000,155.118942,22.623072,190.211609,20.394501,
24.879581,1.069213,-0.000060,4.130691,7.272706,17.250999,17.250999,0.000000,154.958420,22.727207,190.176147,20.479389,
24.983681,1.068000,-0.000075,4.130717,7.305974,17.284399,17.284399,0.000000,154.782623,22.831169,190.121307,20.564062,
25.087780,1.066471,-0.000120,4.130752,7.339351,17.317799,17.317799,0.000000,154.561035,22.935471,190.010330,20.648941,
25.191879,1.066730,-0.000076,4.130706,7.372560,17.351200,17.351200,0.000000,154.598557,23.039249,190.216904,20.733322,
25.295979,1.067042,-0.000077,4.130733,7.405948,17.384300,17.384300,0.000000,154.643723,23.143587,190.433823,20.818087,
25.400078,1.065197,-0.000088,4.130722,7.439252,17.417700,17.417700,0.000000,154.376404,23.247662,190.265305,20.902565,
25.504177,1.064700,-0.000057,4.130691,7.472543,17.451099,17.451099,0.000000,154.304291,23.351696,190.336960,20.986940,
25.608276,1.064249,-0.000100,4.130729,7.505855,17.484200,17.484200,0.000000,154.239044,23.455795,190.417038,21.071297,
25.712376,1.063727,-0.000077,4.130727,7.539157,17.517599,17.517599,0.000000,154.163330,23.559866,190.484009,21.155560,
25.816475,1.062666,-0.000017,4.130676,7.572503,17.550999,17.550999,0.000000,154.009552,23.664072,190.454483,21.239861,
25.920574,1.061544,-0.000076,4.130713,7.605792,17.584099,17.584099,0.000000,153.846939,23.768101,190.413437,21.323946,
26.024673,1.059606,-0.000081,4.130716,7.639092,17.617500,17.617500,0.000000,153.566086,23.872164,190.225632,21.407991,
26.128773,1.059557,-0.000078,4.130729,7.672427,17.650999,17.650999,0.000000,153.558975,23.976336,190.376785,21.492052,
26.232872,1.057856,-0.000105,4.130753,7.705747,17.684099,17.684099,0.000000,153.312515,24.080458,190.230865,21.576002,
26.336971,1.058120,-0.000019,4.130670,7.739009,17.717499,17.717499,0.000000,153.350739,24.184402,190.437698,21.659739,
26.441071,1.056232,-0.000032,4.130700,7.772334,17.750900,17.750900,0.000000,153.077164,24.288544,190.257385,21.743565,
26.545170,1.058042,-0.000073,4.130706,7.805654,17.784000,17.784000,0.000000,153.339371,24.392668,190.742935,21.827305,
26.649269,1.056893,-0.000041,4.130702,7.838937,17.817400,17.817400,0.000000,153.172867,24.496677,190.695129,21.910885,
26.753368,1.057179,-0.000029,4.130691,7.872273,17.850800,17.850800,0.000000,153.214325,24.600855,190.906357,21.994528,
26.857468,1.055757,0.000005,4.130664,7.905526,17.883900,17.883900,0.000000,153.008255,24.704769,190.808594,22.077890,
26.961567,1.055213,-0.000030,4.130678,7.938870,17.917299,17.917299,0.000000,152.929428,24.808969,190.869644,22.161415,
27.065666,1.052709,-0.000033,4.130681,7.972161,17.950699,17.950699,0.000000,152.566544,24.913004,190.575455,22.244734,
27.169765,1.052228,-0.000113,4.130708,8.005486,17.983799,17.983799,0.000000,152.496796,25.017145,190.647141,22.328070,
27.273865,1.053630,-0.000022,4.130670,8.038783,18.017200,18.017200,0.000000,152.700058,25.121197,191.060135,22.411266,
27.377964,1.052110,-0.000021,4.130667,8.072106,18.050600,18.050600,0.000000,152.479706,25.225332,190.943222,22.494459,
27.482063,1.052213,-0.000065,4.130705,8.105416,18.083700,18.083700,0.000000,152.494659,25.329426,191.120682,22.577549,
27.586163,1.050870,-0.000055,4.130706,8.138661,18.117100,18.117100,0.000000,152.300049,25.433317,191.035004,22.660410,
27.690262,1.050085,-0.000062,4.130692,8.172080,18.150499,18.150499,0.000000,152.186234,25.537750,191.051178,22.743633,
27.794361,1.047855,-0.000049,4.130692,8.205394,18.183599,18.183599,0.000000,151.863037,25.641855,190.803543,22.826527,
27.898460,1.047796,-0.000000,4.130661,8.238694,18.216999,18.216999,0.000000,151.854507,25.745920,190.950851,22.909317,
28.002560,1.047664,-0.000128,4.130728,8.271976,18.250500,18.250500,0.000000,151.835327,25.849924,191.084641,22.991993,
28.106659,1.047406,-0.000159,4.130767,8.305339,18.283499,18.283499,0.000000,151.798004,25.954184,191.195938,23.074804,
28.210758,1.046106,-0.000161,4.130789,8.338635,18.316999,18.316999,0.000000,151.609604,26.058235,191.116394,23.157381,
28.314857,1.046097,-0.000081,4.130724,8.371932,18.350399,18.350399,0.000000,151.608231,26.162287,191.272415,23.239889,
28.418957,1.045956,-0.000085,4.130731,8.405238,18.383799,18.383799,0.000000,151.587891,26.266369,191.404526,23.322353,
28.523056,1.045145,-0.000133,4.130746,8.438542,18.416899,18.416899,0.000000,151.470230,26.370445,191.413605,23.404745,
28.627155,1.044106,-0.000126,4.130741,8.471902,18.450300,18.450300,0.000000,151.319702,26.474693,191.381134,23.487206,
28.731255,1.042763,-0.000092,4.130733,8.505221,18.483700,18.483700,0.000000,151.125061,26.578817,191.292313,23.569498,
28.835354,1.042248,-0.000153,4.130746,8.538445,18.516800,18.516800,0.000000,151.050461,26.682642,191.354721,23.651489,
28.939453,1.040362,-0.000194,4.130777,8.571734,18.550200,18.550200,0.000000,150.777069,26.786671,191.165222,23.733572,
29.043552,1.041059,-0.000186,4.130771,8.605062,18.583599,18.583599,0.000000,150.878052,26.890818,191.450394,23.815683,
29.147652,1.039472,-0.000191,4.130766,8.638415,18.616699,18.616699,0.000000,150.648056,26.995049,191.315567,23.897791,
29.251751,1.039246,-0.000194,4.130774,8.671659,18.650099,18.650099,0.000000,150.615433,27.098932,191.430603,23.979559,
29.355850,1.038760,-0.000038,4.130686,8.704993,18.683500,18.683500,0.000000,150.544952,27.203104,191.497849,24.061487,
29.459949,1.038648,-0.000094,4.130718,8.738275,18.716600,18.716600,0.000000,150.528702,27.307108,191.633743,24.143215,
29.564049,1.038316,-0.000006,4.130677,8.771573,18.750000,18.750000,0.000000,150.480637,27.411165,191.729126,24.224920,
29.668148,1.037183,-0.000086,4.130746,8.804914,18.783400,18.783400,0.000000,150.316437,27.515354,191.676544,24.306660,
29.772247,1.036350,-0.000069,4.130749,8.838246,18.816500,18.816500,0.000000,150.195587,27.619520,191.678894,24.388315,
29.876347,1.035933,-0.000079,4.130718,8.871535,18.849899,18.849899,0.000000,150.135239,27.723547,191.758057,24.469795,
29.980446,1.033656,-0.000012,4.130664,8.904820,18.883400,18.883400,0.000000,149.805237,27.827564,191.492386,24.551201,
30.084545,1.034152,-0.000069,4.130729,8.938182,18.916399,18.916399,0.000000,149.877090,27.931818,191.740494,24.632727,
30.188644,1.032644,-0.000144,4.130780,8.971471,18.949900,18.949900,0.000000,149.658585,28.035847,191.616638,24.714008,
30.292744,1.032033,-0.000081,4.130731,9.004798,18.983299,18.983299,0.000000,149.570023,28.139994,191.659012,24.795319,
30.396843,1.030065,-0.000150,4.130751,9.038068,19.016399,19.016399,0.000000,149.284805,28.243961,191.448746,24.876421,
30.500942,1.026817,-0.000180,4.130779,9.071397,19.049799,19.049799,0.000000,148.814117,28.348116,191.000122,24.957603,
30.605042,1.027820,-0.000180,4.130795,9.104756,19.083200,19.083200,0.000000,148.959427,28.452364,191.341904,25.038794,
30.709141,1.028544,-0.000193,4.130782,9.138036,19.116299,19.116299,0.000000,149.064346,28.556362,191.631699,25.119724,
30.813240,1.027147,-0.000134,4.130723,9.171319,19.149700,19.149700,0.000000,148.861893,28.660372,191.526260,25.200598,
30.917339,1.027199,-0.000106,4.130726,9.204621,19.183100,19.183100,0.000000,148.869400,28.764442,191.690857,25.281452,
31.021439,1.026581,-0.000126,4.130727,9.237922,19.216200,19.216200,0.000000,148.779907,28.868505,191.730438,25.362236,
31.125538,1.025606,-0.000066,4.130679,9.271213,19.249599,19.249599,0.000000,148.638596,28.972540,191.702972,25.442932,
31.229637,1.024825,-0.000031,4.130659,9.304584,19.282999,19.282999,0.000000,148.525360,29.076824,191.711823,25.523758,
31.333736,1.025447,-0.000008,4.130692,9.337905,19.316099,19.316099,0.000000,148.615479,29.180952,191.982895,25.604397,
31.437836,1.023485,-0.000031,4.130685,9.371142,19.349499,19.349499,0.000000,148.331207,29.284821,191.769730,25.684769,
31.541935,1.022065,-0.000073,4.130702,9.404469,19.382900,19.382900,0.000000,148.125336,29.388968,191.657837,25.765293,
31.646034,1.022605,-0.000043,4.130683,9.437779,19.416300,19.416300,0.000000,148.203629,29.493061,191.913422,25.845711,
31.750134,1.021844,-0.000049,4.130684,9.471177,19.449400,19.449400,0.000000,148.093323,29.597429,191.925140,25.926275,
31.854233,1.019359,0.000030,4.130659,9.504415,19.482899,19.482899,0.000000,147.733200,29.701296,191.611877,26.006390,
31.958332,1.019107,0.000022,4.130674,9.537759,19.516300,19.516300,0.000000,147.696701,29.805496,191.718430,26.086697,
32.062431,1.017524,0.000040,4.130657,9.571103,19.549400,19.549400,0.000000,147.467285,29.909697,191.574310,26.166939,
32.166531,1.016111,-0.000048,4.130695,9.604402,19.582800,19.582800,0.000000,147.262543,30.013756,191.461563,26.247007,
32.270630,1.015225,-0.000062,4.130704,9.637649,19.616199,19.616199,0.000000,147.134003,30.117651,191.447311,26.326887,
32.374729,1.014997,-0.000086,4.130738,9.670997,19.649300,19.649300,0.000000,147.101059,30.221865,191.557739,26.406946,
32.478828,1.013191,-0.000074,4.130746,9.704267,19.682699,19.682699,0.000000,146.839279,30.325832,191.369507,26.486753,
32.582928,1.014632,-0.000051,4.130721,9.737588,19.716099,19.716099,0.000000,147.048126,30.429962,191.794815,26.566622,
32.687027,1.013172,-0.000074,4.130718,9.770936,19.749199,19.749199,0.000000,146.836517,30.534176,191.671829,26.646488,
32.791126,1.012468,-0.000048,4.130692,9.804170,19.782600,19.782600,0.000000,146.734436,30.638031,191.690979,26.726019,
32.895226,1.010855,-0.000163,4.130757,9.837485,19.816000,19.816000,0.000000,146.500717,30.742142,191.538177,26.805681,
32.999325,1.011940,-0.000141,4.130743,9.870858,19.849100,19.849100,0.000000,146.657959,30.846432,191.896713,26.885418,
33.103424,1.010678,-0.000021,4.130684,9.904132,19.882500,19.882500,0.000000,146.475021,30.950413,191.809647,26.964853,
33.207523,1.011020,-0.000045,4.130715,9.937377,19.915899,19.915899,0.000000,146.524704,31.054302,192.026932,27.044157,
33.311623,1.008832,-0.000110,4.130747,9.970775,19.948999,19.948999,0.000000,146.207611,31.158670,191.763962,27.123764,
33.415722,1.008479,-0.000151,4.130760,10.004071,19.982399,19.982399,0.000000,146.156403,31.262722,191.848877,27.203064,
33.519821,1.008166,-0.000065,4.130692,10.037395,20.015799,20.015799,0.000000,146.111053,31.366858,191.941498,27.282366,
33.623920,1.006322,-0.000058,4.130694,10.070703,20.048899,20.048899,0.000000,145.843704,31.470945,191.742096,27.361570,
33.728020,1.006302,0.000006,4.130662,10.103997,20.082300,20.082300,0.000000,145.840942,31.574991,191.890213,27.440678,
33.832119,1.006091,-0.000044,4.130686,10.137366,20.115799,20.115799,0.000000,145.810226,31.679270,192.001846,27.519901,
33.936218,1.004295,-0.000057,4.130682,10.170657,20.148800,20.148800,0.000000,145.550049,31.783304,191.810669,27.598875,
34.040318,1.004267,-0.000119,4.130701,10.203984,20.182299,20.182299,0.000000,145.545914,31.887451,191.956802,27.677874,
34.144417,1.001995,-0.000161,4.130728,10.237296,20.215700,20.215700,0.000000,145.216629,31.991550,191.673676,27.756773,
34.248516,1.001440,-0.000114,4.130708,10.270598,20.248800,20.248800,0.000000,145.136292,32.095619,191.718689,27.835587,
34.352615,1.000610,-0.000161,4.130734,10.303939,20.282200,20.282200,0.000000,145.016006,32.199810,191.710876,27.914429,
34.456715,0.999485,-0.000127,4.130715,10.337213,20.315599,20.315599,0.000000,144.852859,32.303791,191.645828,27.993055,
34.560814,0.998928,-0.000081,4.130698,10.370553,20.348999,20.348999,0.000000,144.772232,32.407978,191.689987,28.071772,
34.664913,0.998146,-0.000186,4.130756,10.403813,20.382099,20.382099,0.000000,144.658859,32.511917,191.690231,28.150240,
34.769012,0.997181,-0.000146,4.130725,10.437097,20.415499,20.415499,0.000000,144.518936,32.615929,191.655136,28.228703,
34.873112,0.996992,-0.000133,4.130728,10.470401,20.448900,20.448900,0.000000,144.491653,32.720001,191.769333,28.307148,
34.977211,0.996720,-0.000179,4.130757,10.503732,20.482000,20.482000,0.000000,144.452194,32.824162,191.867416,28.385597,
35.081310,0.994912,-0.000172,4.130744,10.537053,20.515400,20.515400,0.000000,144.190125,32.928291,191.669464,28.463963,
35.185410,0.994200,-0.000084,4.130722,10.570357,20.548800,20.548800,0.000000,144.086990,33.032368,191.682327,28.542227,
35.289509,0.994652,-0.000147,4.130739,10.603650,20.581900,20.581900,0.000000,144.152542,33.136406,191.919510,28.620403,
35.393608,0.992510,-0.000072,4.130693,10.636970,20.615299,20.615299,0.000000,143.842026,33.240528,191.655869,28.698578,
35.497707,0.991788,-0.000029,4.130675,10.670255,20.648699,20.648699,0.000000,143.737442,33.344547,191.666046,28.776617,
35.601807,0.991543,-0.000028,4.130673,10.703578,20.681799,20.681799,0.000000,143.701904,33.448681,191.768295,28.854681,
35.705906,0.990021,-0.000058,4.130688,10.736888,20.715200,20.715200,0.000000,143.481262,33.552776,191.623215,28.932655,
35.810005,0.991798,-0.000066,4.130698,10.770209,20.748699,20.748699,0.000000,143.738815,33.656902,192.116852,29.010590,
35.914104,0.990581,-0.000028,4.130686,10.803508,20.781799,20.781799,0.000000,143.562439,33.760963,192.030502,29.088417,
36.018204,0.988482,-0.000098,4.130715,10.836806,20.815199,20.815199,0.000000,143.258209,33.865021,191.772629,29.166180,
36.122303,0.987670,-0.000069,4.130708,10.870166,20.848600,20.848600,0.000000,143.140656,33.969269,191.764496,29.244024,
36.226402,0.988557,-0.000093,4.130722,10.903457,20.881699,20.881699,0.000000,143.269180,34.073303,192.085724,29.321650,
36.330502,0.987185,-0.000065,4.130708,10.936761,20.915100,20.915100,0.000000,143.070251,34.177380,191.967911,29.399248,
36.434601,0.985767,-0.000010,4.130686,10.970086,20.948500,20.948500,0.000000,142.864792,34.281521,191.841019,29.476831,
36.538700,0.985976,-0.000011,4.130667,11.003407,20.981600,20.981600,0.000000,142.895111,34.385647,192.030518,29.554342,
36.642799,0.982727,0.000076,4.130613,11.036675,21.014999,21.014999,0.000000,142.424194,34.489613,191.545746,29.631680,
36.746899,0.982149,0.000065,4.130616,11.070006,21.048399,21.048399,0.000000,142.340485,34.593769,191.581421,29.709095,
36.850998,0.983001,0.000009,4.130672,11.103314,21.081499,21.081499,0.000000,142.463989,34.697857,191.895935,29.786400,
36.955097,0.981882,0.000019,4.130648,11.136638,21.114899,21.114899,0.000000,142.301788,34.801994,191.825653,29.863682,
37.059196,0.981378,-0.000039,4.130652,11.169888,21.148300,21.148300,0.000000,142.228683,34.905903,191.874893,29.940733,
37.163296,0.980553,-0.000069,4.130666,11.203210,21.181400,21.181400,0.000000,142.109131,35.010033,191.861588,30.017891,
37.267395,0.978441,-0.000063,4.130668,11.236556,21.214800,21.214800,0.000000,141.803055,35.114239,191.596115,30.095043,
37.371494,0.979670,-0.000041,4.130692,11.269849,21.248199,21.248199,0.000000,141.981232,35.218277,191.984573,30.172016,
37.475594,0.978471,-0.000016,4.130668,11.303174,21.281300,21.281300,0.000000,141.807404,35.322418,191.897202,30.249002,
37.579693,0.976497,0.000010,4.130655,11.336461,21.314699,21.314699,0.000000,141.521301,35.426441,191.657257,30.325844,
37.683792,0.977472,0.000026,4.130656,11.369758,21.348200,21.348200,0.000000,141.662598,35.530491,191.996017,30.402645,
37.787891,0.977377,-0.000012,4.130707,11.403056,21.381599,21.381599,0.000000,141.648911,35.634552,192.124863,30.479397,
37.891991,0.973758,-0.000008,4.130685,11.436408,21.414700,21.414700,0.000000,141.124329,35.738773,191.560425,30.556206,
37.996090,0.974774,-0.000057,4.130699,11.469735,21.448099,21.448099,0.000000,141.271530,35.842922,191.907379,30.632904,
38.100189,0.973677,-0.000047,4.130708,11.503011,21.481499,21.481499,0.000000,141.112625,35.946907,191.838242,30.709423,
38.204288,0.973774,-0.000093,4.130747,11.536305,21.514599,21.514599,0.000000,141.126648,36.050953,192.004150,30.785927,
38.308388,0.971400,-0.000101,4.130751,11.569631,21.548000,21.548000,0.000000,140.782669,36.155094,191.682770,30.862444,
38.412487,0.970924,-0.000053,4.130729,11.602946,21.581400,21.581400,0.000000,140.713654,36.259209,191.735306,30.938885,
38.516586,0.970167,-0.000090,4.130726,11.636273,21.614500,21.614500,0.000000,140.603912,36.363354,191.732208,31.015285,
38.620686,0.970885,-0.000061,4.130730,11.669576,21.647900,21.647900,0.000000,140.707901,36.467422,192.020447,31.091572,
38.724785,0.968621,0.000038,4.130653,11.702851,21.681299,21.681299,0.000000,140.379868,36.571411,191.718765,31.167744,
38.828884,0.969734,0.000018,4.130668,11.736176,21.714399,21.714399,0.000000,140.541183,36.675552,192.085434,31.243969,
38.932983,0.967041,-0.000008,4.130683,11.769506,21.747799,21.747799,0.000000,140.150925,36.779705,191.698013,31.320145,
39.037083,0.967117,0.000016,4.130654,11.802806,21.781199,21.781199,0.000000,140.161865,36.883770,191.858841,31.396200,
39.141182,0.967858,-0.000053,4.130722,11.836110,21.814299,21.814299,0.000000,140.269348,36.987843,192.151947,31.472198,
39.245281,0.964961,-0.000093,4.130738,11.869397,21.847700,21.847700,0.000000,139.849396,37.091866,191.722153,31.548107,
39.349380,0.964094,-0.000106,4.130741,11.902692,21.881100,21.881100,0.000000,139.723755,37.195911,191.695282,31.623974,
39.453480,0.963679,-0.000102,4.130723,11.936013,21.914200,21.914200,0.000000,139.663666,37.300041,191.758270,31.699842,
39.557579,0.964194,-0.000068,4.130703,11.969344,21.947599,21.947599,0.000000,139.738205,37.404202,192.006165,31.775677,
39.661678,0.961716,-0.000073,4.130697,12.002654,21.981100,21.981100,0.000000,139.379196,37.508293,191.657959,31.851404,
39.765778,0.961141,-0.000069,4.130721,12.035977,22.014200,22.014200,0.000000,139.295853,37.612431,191.688400,31.927107,
39.869877,0.960825,-0.000018,4.130676,12.069289,22.047600,22.047600,0.000000,139.249939,37.716530,191.770187,32.002724,
39.973976,0.959912,-0.000059,4.130694,12.102633,22.080999,22.080999,0.000000,139.117752,37.820728,191.733109,32.078358,
40.078075,0.959242,-0.000100,4.130725,12.135919,22.114100,22.114100,0.000000,139.020630,37.924747,191.743851,32.153805,
40.182175,0.957917,-0.000016,4.130674,12.169232,22.147499,22.147499,0.000000,138.828552,38.028851,191.623459,32.229256,
40.286274,0.957095,-0.000064,4.130699,12.202544,22.180899,22.180899,0.000000,138.709412,38.132950,191.603409,32.304646,
40.390373,0.955891,-0.000079,4.130715,12.235936,22.213999,22.213999,0.000000,138.534973,38.237301,191.507004,32.380157,
40.494473,0.955129,-0.000051,4.130705,12.269168,22.247400,22.247400,0.000000,138.424515,38.341148,191.498062,32.455254,
40.598572,0.952427,-0.000023,4.130664,12.302423,22.280800,22.280800,0.000000,138.032974,38.445072,191.099854,32.530350,
40.702671,0.953932,-0.000024,4.130668,12.335847,22.313900,22.313900,0.000000,138.250992,38.549522,191.546082,32.605762,
40.806770,0.952654,-0.000020,4.130660,12.369046,22.347300,22.347300,0.000000,138.065765,38.653271,191.432693,32.680618,
40.910870,0.951333,-0.000033,4.130674,12.402392,22.380699,22.380699,0.000000,137.874329,38.757477,191.310944,32.755745,
41.014969,0.951087,-0.000017,4.130660,12.435702,22.414099,22.414099,0.000000,137.838715,38.861568,191.404999,32.830734,
41.119068,0.948191,-0.000102,4.130722,12.469031,22.447199,22.447199,0.000000,137.418945,38.965721,190.965225,32.905708,
41.223167,0.948181,-0.000025,4.130664,12.502271,22.480600,22.480600,0.000000,137.417572,39.069595,191.106064,32.980431,
41.327267,0.946868,-0.000092,4.130741,12.535613,22.514099,22.514099,0.000000,137.227219,39.173790,190.984329,33.055325,
41.431366,0.945792,-0.000053,4.130678,12.568940,22.547100,22.547100,0.000000,137.071335,39.277939,190.910126,33.130131,
41.535465,0.945462,-0.000159,4.130777,12.602227,22.580599,22.580599,0.000000,137.023560,39.381962,190.986130,33.204792,
41.639565,0.945184,-0.000124,4.130754,12.635524,22.614000,22.614000,0.000000,136.983261,39.486012,191.072495,33.279415,
41.743664,0.944019,-0.000112,4.130746,12.668794,22.647099,22.647099,0.000000,136.814377,39.589981,190.979156,33.353924,
41.847763,0.944324,-0.000078,4.130713,12.702170,22.680500,22.680500,0.000000,136.858627,39.694283,191.183670,33.428616,
41.951862,0.941261,-0.000083,4.130707,12.735450,22.713900,22.713900,0.000000,136.414612,39.798279,190.705276,33.503033,
42.055962,0.942515,-0.000104,4.130720,12.768800,22.747000,22.747000,0.000000,136.596375,39.902500,191.101746,33.577557,
42.160061,0.941395,0.000002,4.130674,12.802081,22.780399,22.780399,0.000000,136.434067,40.006504,191.016571,33.651871,
42.264160,0.939521,0.000012,4.130676,12.835410,22.813799,22.813799,0.000000,136.162430,40.110657,190.778076,33.726234,
42.368259,0.939203,-0.000003,4.130688,12.868718,22.846899,22.846899,0.000000,136.116348,40.214745,190.855194,33.800495,
42.472359,0.938302,-0.000022,4.130680,12.901996,22.880299,22.880299,0.000000,135.985794,40.318737,190.813553,33.874634,
42.576458,0.937555,-0.000062,4.130698,12.935309,22.913700,22.913700,0.000000,135.877518,40.422840,190.803070,33.948795,
42.680557,0.935202,-0.000128,4.130759,12.968616,22.946800,22.946800,0.000000,135.536560,40.526924,190.465363,34.022892,
42.784657,0.932753,-0.000120,4.130734,13.001889,22.980200,22.980200,0.000000,135.181610,40.630905,190.107117,34.096855,
42.888756,0.933034,-0.000081,4.130718,13.035251,23.013599,23.013599,0.000000,135.222382,40.735157,190.305435,34.170963,
42.992855,0.933278,-0.000074,4.130677,13.068585,23.046700,23.046700,0.000000,135.257629,40.839329,190.495941,34.244953,
43.096954,0.931498,-0.000098,4.130719,13.101808,23.080099,23.080099,0.000000,134.999710,40.943150,190.272842,34.318642,
43.201054,0.931119,-0.000063,4.130681,13.135190,23.113499,23.113499,0.000000,134.944733,41.047470,190.336136,34.392632,
43.305153,0.928996,-0.000067,4.130699,13.168471,23.146599,23.146599,0.000000,134.637085,41.151474,190.042221,34.466339,
43.409252,0.928587,-0.000057,4.130684,13.201838,23.180000,23.180000,0.000000,134.577850,41.255745,190.098938,34.540184,
43.513351,0.927256,-0.000067,4.130685,13.235120,23.213499,23.213499,0.000000,134.384903,41.359749,189.966156,34.613789,
43.617451,0.927877,-0.000029,4.130670,13.268435,23.246500,23.246500,0.000000,134.475006,41.463860,190.233536,34.687408,
43.721550,0.925050,-0.000002,4.130671,13.301724,23.279999,23.279999,0.000000,134.065216,41.567890,189.793289,34.760921,
43.825649,0.924326,-0.000063,4.130686,13.335103,23.313400,23.313400,0.000000,133.960266,41.672195,189.784454,34.834572,
43.929749,0.921961,-0.000058,4.130701,13.368346,23.346498,23.346498,0.000000,133.617615,41.776081,189.437820,34.907875,
44.033848,0.922153,-0.000149,4.130749,13.401713,23.379900,23.379900,0.000000,133.645401,41.880356,189.616577,34.981396,
44.137947,0.920308,-0.000005,4.130670,13.435008,23.413300,23.413300,0.000000,133.378021,41.984402,189.375992,35.054703,
44.242046,0.918059,0.000051,4.130630,13.468307,23.446699,23.446699,0.000000,133.052032,42.088459,189.051575,35.127960,
44.346146,0.916312,0.000030,4.130619,13.501586,23.479799,23.479799,0.000000,132.798874,42.192455,188.829987,35.201126,
44.450245,0.915522,0.000040,4.130597,13.534884,23.513199,23.513199,0.000000,132.684418,42.296513,188.805298,35.274281,
44.554344,0.914864,-0.000030,4.130648,13.568236,23.546600,23.546600,0.000000,132.589005,42.400738,188.807724,35.347500,
44.658443,0.912706,0.000038,4.130630,13.601544,23.579699,23.579699,0.000000,132.276306,42.504826,188.500122,35.420567,
44.762543,0.911571,0.000011,4.130649,13.634835,23.613100,23.613100,0.000000,132.111694,42.608860,188.402985,35.493546,
44.866642,0.910012,0.000022,4.130640,13.668096,23.646500,23.646500,0.000000,131.885803,42.712799,188.217926,35.566402,
44.970741,0.909749,0.000003,4.130672,13.701432,23.679600,23.679600,0.000000,131.847748,42.816975,188.300964,35.639374,
45.074841,0.907570,0.000048,4.130632,13.734775,23.712999,23.712999,0.000000,131.531830,42.921169,187.986832,35.712303,
45.178940,0.906345,-0.000021,4.130664,13.768027,23.746399,23.746399,0.000000,131.354370,43.025085,187.869705,35.784985,
45.283039,0.904890,-0.000046,4.130684,13.801360,23.779499,23.779499,0.000000,131.143433,43.129250,187.704605,35.857788,
45.387138,0.904011,-0.000044,4.130695,13.834662,23.813000,23.813000,0.000000,131.016098,43.233318,187.658707,35.930470,
45.491238,0.901029,-0.000045,4.130720,13.867967,23.846399,23.846399,0.000000,130.583908,43.337395,187.175568,36.003109,
45.595337,0.899542,-0.000081,4.130738,13.901286,23.879499,23.879499,0.000000,130.368378,43.441521,187.002380,36.075726,
45.699436,0.897981,-0.000111,4.130750,13.934594,23.912899,23.912899,0.000000,130.142227,43.545609,186.813446,36.148262,
45.803535,0.895799,-0.000021,4.130678,13.967938,23.946299,23.946299,0.000000,129.825958,43.649807,186.494736,36.220825,
45.907635,0.893045,0.000042,4.130669,14.001262,23.979399,23.979399,0.000000,129.426758,43.753944,186.056076,36.293293,
46.011734,0.891969,-0.000001,4.130660,14.034610,24.012800,24.012800,0.000000,129.270859,43.858154,185.966675,36.365761,
46.115833,0.889482,0.000026,4.130662,14.067866,24.046200,24.046200,0.000000,128.910416,43.962082,185.582123,36.437977,
46.219933,0.887072,0.000062,4.130641,14.101144,24.079300,24.079300,0.000000,128.561203,44.066074,185.213074,36.510185,
46.324032,0.885541,-0.000035,4.130703,14.134540,24.112700,24.112700,0.000000,128.339218,44.170437,185.027206,36.582600,
46.428131,0.882519,-0.000074,4.130684,14.167808,24.146099,24.146099,0.000000,127.901253,44.274399,184.528763,36.654686,
46.532230,0.881923,-0.000062,4.130672,14.201150,24.179199,24.179199,0.000000,127.814888,44.378593,184.537338,36.726879,
46.636330,0.878739,-0.000022,4.130670,14.234487,24.212599,24.212599,0.000000,127.353546,44.482769,184.003922,36.799007,
46.740429,0.876251,0.000036,4.130635,14.267797,24.246000,24.246000,0.000000,126.992889,44.586864,183.615036,36.871029,
46.844528,0.872871,0.000062,4.130626,14.301034,24.279099,24.279099,0.000000,126.503120,44.690731,183.038284,36.942841,
46.948627,0.870541,0.000057,4.130644,14.334386,24.312500,24.312500,0.000000,126.165390,44.794956,182.681122,37.014847,
47.052727,0.867298,0.000022,4.130651,14.367677,24.345900,24.345900,0.000000,125.695389,44.898991,182.131348,37.086670,
47.156826,0.863609,0.000024,4.130661,14.400939,24.379000,24.379000,0.000000,125.160774,45.002934,181.486801,37.158379,
47.260925,0.859923,0.000045,4.130648,14.434291,24.412399,24.412399,0.000000,124.626488,45.107159,180.841949,37.230232,
47.365025,0.856230,0.000019,4.130651,14.467587,24.445900,24.445900,0.000000,124.091354,45.211212,180.194565,37.301914,
47.469124,0.851500,0.000031,4.130650,14.500886,24.479300,24.479300,0.000000,123.405792,45.315269,179.327454,37.373547,
47.573223,0.848224,0.000009,4.130638,14.534215,24.512400,24.512400,0.000000,122.931007,45.419422,178.765564,37.445194,
47.677322,0.842134,0.000006,4.130660,14.567508,24.545799,24.545799,0.000000,122.048393,45.523460,177.609039,37.516712,
47.781422,0.836411,-0.000014,4.130667,14.600823,24.579199,24.579199,0.000000,121.219025,45.627575,176.528320,37.588234,
47.885521,0.832591,-0.000087,4.130728,14.634141,24.612299,24.612299,0.000000,120.665421,45.731689,175.847763,37.659702,
47.989620,0.825527,-0.000022,4.130704,14.667466,24.645699,24.645699,0.000000,119.641586,45.835831,174.480301,37.731136,
48.093719,0.818591,-0.000006,4.130673,14.700757,24.679100,24.679100,0.000000,118.636452,45.939865,173.137878,37.802448,
48.197819,0.811509,-0.000085,4.130720,14.734084,24.712200,24.712200,0.000000,117.610023,46.044014,171.762405,37.873783,
48.301918,0.802947,-0.000030,4.130661,14.767346,24.745600,24.745600,0.000000,116.369072,46.147957,170.071014,37.944935,
48.406017,0.793281,-0.000047,4.130696,14.800689,24.778999,24.778999,0.000000,114.968269,46.252151,168.143570,38.016201,
48.510117,0.780406,0.000007,4.130654,14.833978,24.812099,24.812099,0.000000,113.102379,46.356182,165.532318,38.087307,
48.614216,0.767367,-0.000036,4.130671,14.867290,24.845499,24.845499,0.000000,111.212547,46.460281,162.882217,38.158409,
48.718315,0.750227,-0.000012,4.130662,14.900619,24.878899,24.878899,0.000000,108.728577,46.564434,159.357422,38.229496,
48.822414,0.731968,-0.000018,4.130680,14.933902,24.911999,24.911999,0.000000,106.082390,46.668442,155.589386,38.300438,
48.926514,0.707203,0.000002,4.130642,14.967231,24.945400,24.945400,0.000000,102.493149,46.772594,150.431854,38.371422,
49.030613,0.678483,-0.000067,4.130677,15.000562,24.978800,24.978800,0.000000,98.330811,46.876755,144.425110,38.442364,
49.134712,0.636419,-0.000031,4.130664,15.033820,25.011900,25.011900,0.000000,92.234642,46.980686,135.567108,38.513100,
49.238811,0.570468,-0.000023,4.130655,15.067241,25.045300,25.045300,0.000000,82.676483,47.085129,121.604813,38.584133,
49.342911,0.453310,-0.000047,4.130670,15.100471,25.078800,25.078800,0.000000,65.697052,47.188969,96.698814,38.654705,
49.447010,0.392232,-0.000137,4.130732,15.133777,25.111799,25.111799,0.000000,56.845169,47.293053,83.728981,38.725395,
49.551109,0.338040,-0.000150,4.130757,15.167119,25.145300,25.145300,0.000000,48.991238,47.397247,72.211739,38.796112,
49.655209,0.306082,-0.000111,4.130761,15.200450,25.178699,25.178699,0.000000,44.359722,47.501408,65.431213,38.866753,
49.759308,0.286215,-0.000126,4.130771,15.233739,25.211800,25.211800,0.000000,41.480408,47.605434,61.227337,38.937256,
49.863407,0.269992,-0.000096,4.130742,15.267093,25.245199,25.245199,0.000000,39.129337,47.709663,57.797813,39.007843,
49.967506,0.247725,-0.000108,4.130723,15.300416,25.278599,25.278599,0.000000,35.902153,47.813801,53.068336,39.078320,
50.071606,0.223969,-0.000104,4.130724,15.333713,25.311699,25.311699,0.000000,32.459282,47.917850,48.013073,39.148689,
50.175705,0.189670,-0.000122,4.130733,15.367089,25.345098,25.345098,0.000000,27.488371,48.022156,40.688881,39.219177,
50.279804,0.154387,-0.000113,4.130751,15.400340,25.378500,25.378500,0.000000,22.374893,48.126064,33.143047,39.289352,
50.383904,0.130828,-0.000131,4.130767,15.433679,25.411900,25.411900,0.000000,18.960545,48.230247,28.105263,39.359661,
50.488003,0.110988,-0.000071,4.130733,15.466981,25.445000,25.445000,0.000000,16.085213,48.334316,23.859890,39.429844,
50.592102,0.084999,-0.000060,4.130729,15.500266,25.478399,25.478399,0.000000,12.318675,48.438332,18.285635,39.499943,
50.696201,0.041437,-0.000091,4.130737,15.533551,25.511799,25.511799,0.000000,6.005409,48.542347,8.920576,39.569988,
50.800301,0.007150,-0.000085,4.130725,15.566939,25.544899,25.544899,0.000000,1.036286,48.646687,1.540404,39.640205,
50.904400,-0.002230,-0.000048,4.130759,15.600179,25.578299,25.578299,0.000000,-0.323134,48.750557,-0.480663,39.710060,
51.008499,-0.002472,0.000000,4.130699,15.633498,25.611799,25.611799,0.000000,-0.358240,48.854683,-0.533257,39.780037,
51.112598,-0.003264,-0.000029,4.130727,15.666816,25.644800,25.644800,0.000000,-0.473108,48.958797,-0.704736,39.849957,
51.216698,-0.002393,-0.000004,4.130698,15.700110,25.678299,25.678299,0.000000,-0.346745,49.062843,-0.516868,39.919781,
51.320797,-0.002391,-0.000038,4.130701,15.733394,25.711699,25.711699,0.000000,-0.346585,49.166855,-0.516990,39.989532,
51.424896,-0.003254,-0.000111,4.130733,15.766751,25.744799,25.744799,0.000000,-0.471602,49.271099,-0.703965,40.059391,
51.528996,-0.002613,-0.000040,4.130702,15.800004,25.778200,25.778200,0.000000,-0.378694,49.375011,-0.565674,40.128983,
51.633095,-0.002097,-0.000047,4.130703,15.833350,25.811600,25.811600,0.000000,-0.303914,49.479218,-0.454289,40.198719,
51.737194,-0.002986,-0.000041,4.130699,15.866647,25.844700,25.844700,0.000000,-0.432815,49.583271,-0.647418,40.268307,
51.841293,-0.003170,-0.000053,4.130721,15.900008,25.878099,25.878099,0.000000,-0.459363,49.687527,-0.687609,40.337978,
51.945393,-0.004739,-0.000151,4.130793,15.933282,25.911499,25.911499,0.000000,-0.686786,49.791508,-1.028747,40.407421,
52.049492,-0.002520,-0.000129,4.130761,15.966628,25.944599,25.944599,0.000000,-0.365201,49.895714,-0.547420,40.476963,
52.153591,-0.002382,-0.000099,4.130752,15.999951,25.977999,25.977999,0.000000,-0.345188,49.999847,-0.517782,40.546410,
52.257690,-0.002712,-0.000135,4.130754,16.033249,26.011400,26.011400,0.000000,-0.393072,50.103905,-0.590016,40.615757,
52.361790,-0.003349,-0.000115,4.130753,16.066555,26.044498,26.044498,0.000000,-0.485338,50.207985,-0.729016,40.685070,
52.465889,-0.003252,-0.000124,4.130756,16.099888,26.077900,26.077900,0.000000,-0.471362,50.312149,-0.708515,40.754395,
52.569988,-0.002556,-0.000156,4.130763,16.133209,26.111300,26.111300,0.000000,-0.370393,50.416279,-0.557132,40.823647,
52.674088,-0.003023,-0.000010,4.130686,16.166496,26.144400,26.144400,0.000000,-0.438147,50.520302,-0.659501,40.892776,
52.778187,-0.002425,-0.000044,4.130737,16.199795,26.177799,26.177799,0.000000,-0.351496,50.624359,-0.529438,40.961887,
52.882286,-0.003498,-0.000077,4.130777,16.233105,26.211199,26.211199,0.000000,-0.507002,50.728451,-0.764196,41.030972,
52.986385,-0.002047,-0.000071,4.130735,16.266430,26.244299,26.244299,0.000000,-0.296677,50.832592,-0.447485,41.100037,
53.090485,-0.003982,-0.000044,4.130733,16.299702,26.277699,26.277699,0.000000,-0.577134,50.936569,-0.871106,41.168949,
53.194584,-0.002704,-0.000019,4.130725,16.333015,26.311199,26.311199,0.000000,-0.391886,51.040672,-0.591907,41.237896,
53.298683,-0.001673,-0.000068,4.130737,16.366341,26.344200,26.344200,0.000000,-0.242485,51.144814,-0.366504,41.306824,
53.402782,-0.002959,-0.000012,4.130683,16.399647,26.377699,26.377699,0.000000,-0.428811,51.248898,-0.648572,41.375660,
53.506882,-0.003561,-0.000055,4.130708,16.432945,26.411098,26.411098,0.000000,-0.516061,51.352955,-0.781074,41.444435,
53.610981,-0.003592,-0.000035,4.130685,16.466240,26.444500,26.444500,0.000000,-0.520652,51.457001,-0.788564,41.513157,
53.715080,-0.002616,0.000002,4.130672,16.499569,26.477600,26.477600,0.000000,-0.379116,51.561153,-0.574593,41.581902,
53.819180,-0.002609,0.000072,4.130657,16.532917,26.511000,26.511000,0.000000,-0.378169,51.665367,-0.573552,41.650635,
53.923279,-0.002514,0.000058,4.130634,16.566216,26.544399,26.544399,0.000000,-0.364402,51.769424,-0.553051,41.719223,
54.027378,-0.004201,-0.000003,4.130711,16.599472,26.577499,26.577499,0.000000,-0.608840,51.873352,-0.924666,41.787678,
54.131477,-0.004637,0.000011,4.130666,16.632824,26.610899,26.610899,0.000000,-0.671963,51.977573,-1.021233,41.856277,
54.235577,-0.003739,-0.000008,4.130683,16.666115,26.644299,26.644299,0.000000,-0.541908,52.081608,-0.824142,41.924709,
54.339676,-0.003289,0.000021,4.130641,16.699417,26.677399,26.677399,0.000000,-0.476683,52.185677,-0.725443,41.993114,
54.443775,-0.003395,0.000039,4.130623,16.732689,26.710800,26.710800,0.000000,-0.491996,52.289654,-0.749259,42.061413,
54.547874,-0.003071,0.000016,4.130642,16.765991,26.744200,26.744200,0.000000,-0.445139,52.393723,-0.678364,42.129726,
54.651974,-0.003170,0.000081,4.130606,16.799358,26.777300,26.777300,0.000000,-0.459491,52.497993,-0.700715,42.198128,
54.756073,-0.002454,0.000083,4.130603,16.832668,26.810699,26.810699,0.000000,-0.355611,52.602089,-0.542669,42.266361,
54.860172,-0.003355,0.000022,4.130649,16.865898,26.844099,26.844099,0.000000,-0.486162,52.705933,-0.742398,42.334389,
54.964272,-0.002249,0.000041,4.130607,16.899250,26.877199,26.877199,0.000000,-0.325994,52.810158,-0.498152,42.402615,
55.068371,-0.003367,0.000060,4.130602,16.932590,26.910700,26.910700,0.000000,-0.487979,52.914345,-0.746190,42.470776,
55.172470,-0.002991,0.000032,4.130648,16.965885,26.944099,26.944099,0.000000,-0.433465,53.018391,-0.663281,42.538792,
55.276569,-0.003480,-0.000004,4.130682,16.999218,26.977200,26.977200,0.000000,-0.504418,53.122555,-0.772378,42.606842,
55.380669,-0.003718,0.000012,4.130671,17.032490,27.010599,27.010599,0.000000,-0.538865,53.226532,-0.825685,42.674725,
55.484768,-0.002877,0.000005,4.130680,17.065830,27.043999,27.043999,0.000000,-0.417011,53.330719,-0.639406,42.742699,
55.588867,-0.003719,0.000016,4.130656,17.099102,27.077099,27.077099,0.000000,-0.538957,53.434692,-0.826946,42.810486,
55.692966,-0.003986,0.000001,4.130682,17.132408,27.110498,27.110498,0.000000,-0.577746,53.538776,-0.887065,42.878296,
55.797066,-0.004035,0.000010,4.130688,17.165714,27.143900,27.143900,0.000000,-0.584807,53.642857,-0.898514,42.946060,
55.901165,-0.003582,0.000051,4.130641,17.199081,27.177000,27.177000,0.000000,-0.519121,53.747131,-0.798133,43.013905,
56.005264,-0.003189,-0.000012,4.130663,17.232361,27.210400,27.210400,0.000000,-0.462166,53.851128,-0.711048,43.081524,
56.109364,-0.002715,-0.000038,4.130695,17.265633,27.243799,27.243799,0.000000,-0.393531,53.955101,-0.605861,43.149082,
56.213463,-0.003252,-0.000013,4.130644,17.299000,27.276899,27.276899,0.000000,-0.471271,54.059376,-0.726037,43.216789,
56.317562,-0.003597,-0.000052,4.130655,17.332260,27.310299,27.310299,0.000000,-0.521365,54.163315,-0.803753,43.284233,
56.421661,-0.003352,-0.000004,4.130646,17.365616,27.343699,27.343699,0.000000,-0.485809,54.267548,-0.749445,43.351826,
56.525761,-0.004087,0.000010,4.130671,17.398895,27.376799,27.376799,0.000000,-0.592364,54.371548,-0.914442,43.419216,
56.629860,-0.002831,0.000010,4.130644,17.432228,27.410200,27.410200,0.000000,-0.410327,54.475712,-0.633856,43.486671,
56.733959,-0.003159,-0.000037,4.130666,17.465519,27.443600,27.443600,0.000000,-0.457869,54.579746,-0.707772,43.553993,
56.838058,-0.002709,-0.000018,4.130643,17.498814,27.477098,27.477098,0.000000,-0.392624,54.683792,-0.607326,43.621281,
56.942158,-0.002853,0.000001,4.130639,17.532104,27.510099,27.510099,0.000000,-0.413492,54.787827,-0.640036,43.688515,
57.046257,-0.002808,0.000012,4.130657,17.565365,27.543600,27.543600,0.000000,-0.406917,54.891766,-0.630280,43.755638,
57.150356,-0.003180,0.000015,4.130672,17.598747,27.577000,27.577000,0.000000,-0.460814,54.996086,-0.714244,43.822968,
57.254456,-0.003902,-0.000026,4.130666,17.632122,27.610100,27.610100,0.000000,-0.565508,55.100380,-0.877104,43.890236,
57.358555,-0.003259,-0.000016,4.130665,17.665333,27.643499,27.643499,0.000000,-0.472323,55.204166,-0.733065,43.957127,
57.462654,-0.003003,-0.000054,4.130702,17.698681,27.676899,27.676899,0.000000,-0.435173,55.308376,-0.675860,44.024250,
57.566753,-0.002828,-0.000102,4.130719,17.732006,27.709999,27.709999,0.000000,-0.409856,55.412518,-0.636968,44.091282,
57.670853,-0.003125,-0.000065,4.130674,17.765270,27.743399,27.743399,0.000000,-0.452927,55.516468,-0.704376,44.158146,
57.774952,-0.003056,-0.000041,4.130678,17.798603,27.776800,27.776800,0.000000,-0.442883,55.620636,-0.689218,44.225101,
57.879051,-0.002901,-0.000077,4.130680,17.831905,27.809898,27.809898,0.000000,-0.420470,55.724705,-0.654776,44.291954,
57.983150,-0.004075,-0.000089,4.130663,17.865223,27.843300,27.843300,0.000000,-0.590633,55.828823,-0.920377,44.358791,
58.087250,-0.003435,-0.000056,4.130662,17.898525,27.876699,27.876699,0.000000,-0.497760,55.932892,-0.776171,44.425556,
58.191349,-0.004101,-0.000082,4.130707,17.931751,27.898800,27.898800,0.000000,-0.594369,56.036724,-0.927434,44.492119,
58.295448,-0.003723,-0.000060,4.130701,17.937897,27.898800,27.898800,0.000000,-0.539604,56.055927,-0.842084,44.504425,
58.399548,-0.001796,-0.000023,4.130711,17.938305,27.898800,27.898800,0.000000,-0.260316,56.057201,-0.406242,44.505245,
58.503647,-0.002608,-0.000097,4.130747,17.938263,27.898800,27.898800,0.000000,-0.378030,56.057072,-0.589942,44.505161,
58.607746,-0.001417,-0.000068,4.130733,17.938305,27.898800,27.898800,0.000000,-0.205355,56.057201,-0.320471,44.505245,
58.711845,-0.002441,-0.000015,4.130683,17.938305,27.898800,27.898800,0.000000,-0.353831,56.057201,-0.552179,44.505245,
58.815945,-0.003186,-0.000007,4.130670,17.938305,27.898800,27.898800,0.000000,-0.461710,56.057201,-0.720531,44.505245,
58.920044,-0.002252,-0.000014,4.130688,17.938286,27.898800,27.898800,0.000000,-0.326399,56.057144,-0.509369,44.505207,
59.024143,-0.001791,-0.000072,4.130729,17.938286,27.898800,27.898800,0.000000,-0.259549,56.057144,-0.405045,44.505207,
59.128242,-0.002283,-0.000031,4.130704,17.938278,27.898800,27.898800,0.000000,-0.330824,56.057121,-0.516275,44.505192,
59.232342,-0.002177,-0.000052,4.130681,17.938282,27.898800,27.898800,0.000000,-0.315549,56.057133,-0.492436,44.505199,
59.336441,-0.002981,-0.000052,4.130686,17.938290,27.898800,27.898800,0.000000,-0.431959,56.057156,-0.674103,44.505215,
59.440540,-0.003327,-0.000030,4.130675,17.938278,27.898800,27.898800,0.000000,-0.482124,56.057121,-0.752389,44.505192,
59.544640,-0.003322,-0.000129,4.130746,17.938267,27.898800,27.898800,0.000000,-0.481485,56.057083,-0.751392,44.505169,
59.648739,-0.003670,-0.000036,4.130702,17.938271,27.898800,27.898800,0.000000,-0.531822,56.057095,-0.829945,44.505177,
